{"Oswald/Oswald-VariableFont_wght.ttf":["Oswald/Oswald-VariableFont_wght.ttf"],"assets/Photo_of_portfoliio.png":["assets/Photo_of_portfoliio.png"],"assets/app.png":["assets/app.png"],"assets/background.png":["assets/background.png"],"assets/blog.jpg":["assets/blog.jpg"],"assets/contact_image.jpg":["assets/contact_image.jpg"],"assets/firebase.png":["assets/firebase.png"],"assets/github.svg":["assets/github.svg"],"assets/instagram.png":["assets/instagram.png"],"assets/instagram.svg":["assets/instagram.svg"],"assets/instagram2.svg":["assets/instagram2.svg"],"assets/portfolio_photo.jpg":["assets/portfolio_photo.jpg"],"assets/portfolio_photo_2.png":["assets/portfolio_photo_2.png"],"assets/twitter.svg":["assets/twitter.svg"],"assets/web.jpg":["assets/web.jpg"],"assets/webL.png":["assets/webL.png"],"assets/works.jpg":["assets/works.jpg"],"packages/cupertino_icons/assets/CupertinoIcons.ttf":["packages/cupertino_icons/assets/CupertinoIcons.ttf"]}